ID,duration of routing servers update (in ms)
2022-04-05T17:55:45Z,4369
2022-04-05T18:00:45Z,4557
2022-04-05T18:05:45Z,4617
2022-04-05T18:10:45Z,4666
2022-04-05T18:15:45Z,4768
2022-04-05T18:20:45Z,4926
2022-04-05T18:25:46Z,5029
2022-04-05T18:30:46Z,5166
2022-04-05T18:35:46Z,5356
2022-04-05T18:40:46Z,5399
2022-04-05T18:45:46Z,5610
2022-04-05T18:50:46Z,5662
2022-04-05T18:55:46Z,5633
2022-04-05T19:00:46Z,5770
2022-04-05T19:05:46Z,5885
2022-04-05T19:10:46Z,5915
2022-04-05T19:15:47Z,5979
2022-04-05T19:20:47Z,6155
2022-04-05T19:25:47Z,6287
2022-04-05T19:30:47Z,6443
2022-04-05T19:35:47Z,6654
2022-04-05T19:40:47Z,6842
2022-04-05T19:45:47Z,6780
2022-04-05T19:50:47Z,6828
2022-04-05T19:55:47Z,6842
2022-04-05T20:00:48Z,7004
2022-04-05T20:05:48Z,7307
2022-04-05T20:10:48Z,7163
2022-04-05T20:15:49Z,8050
2022-04-05T20:20:48Z,7589
2022-04-05T20:25:48Z,7622
2022-04-05T20:30:48Z,7765
2022-04-05T20:35:48Z,7871
2022-04-05T20:40:48Z,7866
2022-04-05T20:45:49Z,8043
2022-04-05T20:50:48Z,7989
2022-04-05T20:55:49Z,8042
2022-04-05T21:00:49Z,8155
2022-04-05T21:05:49Z,8423
2022-04-05T21:10:49Z,8495
2022-04-05T21:15:49Z,8561
2022-04-05T21:20:49Z,8734
2022-04-05T21:25:49Z,8646
2022-04-05T21:30:49Z,8671
2022-04-05T21:35:49Z,8782
2022-04-05T21:40:49Z,8821
2022-04-05T21:45:49Z,8690
2022-04-05T21:50:50Z,9008
2022-04-05T21:55:50Z,9237
2022-04-05T22:00:50Z,9134
2022-04-05T22:05:50Z,9345
2022-04-05T22:10:50Z,9366
2022-04-05T22:15:50Z,9519
2022-04-05T22:20:50Z,9494
2022-04-05T22:25:50Z,9940
2022-04-05T22:30:51Z,10258
2022-04-05T22:35:51Z,10131
2022-04-05T22:40:51Z,10343
2022-04-05T22:45:51Z,10490
2022-04-05T22:50:51Z,10719
2022-04-05T22:55:51Z,10559
2022-04-05T23:01:05Z,24376
2022-04-05T23:05:51Z,10592
2022-04-05T23:10:51Z,10844
2022-04-05T23:15:51Z,10656
2022-04-05T23:20:51Z,10584
2022-04-05T23:25:51Z,10881
2022-04-05T23:30:51Z,10843
2022-04-05T23:35:51Z,10913
2022-04-05T23:40:52Z,11314
2022-04-05T23:45:52Z,11143
2022-04-05T23:50:52Z,11490
2022-04-05T23:55:52Z,11254
2022-04-06T00:00:52Z,11746
2022-04-06T00:05:52Z,11798
2022-04-06T00:10:52Z,11589
2022-04-06T00:15:52Z,11548
2022-04-06T00:20:52Z,11643
2022-04-06T00:25:52Z,11882
2022-04-06T00:30:52Z,11906
2022-04-06T00:35:53Z,12138
2022-04-06T00:40:52Z,11864
2022-04-06T00:45:53Z,12320
2022-04-06T00:50:53Z,12118
2022-04-06T00:55:53Z,12214
2022-04-06T01:00:53Z,12570
2022-04-06T01:05:53Z,12238
2022-04-06T01:10:53Z,12383
2022-04-06T01:15:54Z,13012
2022-04-06T01:20:53Z,12600
2022-04-06T01:25:54Z,13010
2022-04-06T01:30:53Z,12612
2022-04-06T01:35:53Z,12777
2022-04-06T01:40:53Z,12772
2022-04-06T01:45:53Z,12885
2022-04-06T01:50:54Z,13002
2022-04-06T01:55:54Z,13009
2022-04-06T02:00:54Z,13189
2022-04-06T02:05:54Z,13078
2022-04-06T02:10:54Z,13248
2022-04-06T02:15:54Z,13644
2022-04-06T02:20:54Z,13407
2022-04-06T02:25:54Z,13640
2022-04-06T02:30:54Z,13808
2022-04-06T02:35:54Z,13810
2022-04-06T02:40:54Z,13427
2022-04-06T02:45:54Z,13600
2022-04-06T02:50:54Z,13688
2022-04-06T02:55:54Z,13690
2022-04-06T03:00:54Z,13873
2022-04-06T03:05:54Z,13563
2022-04-06T03:10:54Z,13888
2022-04-06T03:15:55Z,14047
2022-04-06T03:20:54Z,13884
2022-04-06T03:25:55Z,14198
2022-04-06T03:30:55Z,14218
2022-04-06T03:35:55Z,14164
2022-04-06T03:40:55Z,14846
2022-04-06T03:45:55Z,14460
2022-04-06T03:50:56Z,15053
2022-04-06T03:55:55Z,14765
2022-04-06T04:00:55Z,14813
2022-04-06T04:05:55Z,14885
2022-04-06T04:10:55Z,14954
2022-04-06T04:15:56Z,15004
2022-04-06T04:20:55Z,14865
2022-04-06T04:25:56Z,15332
2022-04-06T04:30:56Z,15158
2022-04-06T04:35:56Z,15275
2022-04-06T04:40:56Z,15275
2022-04-06T04:45:56Z,15240
2022-04-06T04:50:56Z,15353
2022-04-06T04:55:56Z,15748
2022-04-06T05:00:57Z,16754
2022-04-06T05:05:57Z,16063
2022-04-06T05:10:57Z,16694
2022-04-06T05:15:57Z,16161
2022-04-06T05:20:57Z,16313
2022-04-06T05:25:57Z,16329
2022-04-06T05:30:57Z,16524
2022-04-06T05:35:57Z,16709
2022-04-06T05:40:57Z,16867
2022-04-06T05:45:57Z,16904
2022-04-06T05:50:58Z,17032
2022-04-06T05:55:58Z,17143
2022-04-06T06:00:58Z,17441
2022-04-06T06:06:48Z,67024
2022-04-06T06:10:58Z,17716
2022-04-06T06:15:58Z,17743
2022-04-06T06:20:59Z,18328
2022-04-06T06:26:01Z,20157
2022-04-06T06:31:02Z,21208
2022-04-06T06:36:02Z,21792
2022-04-06T06:41:02Z,21859
2022-04-06T06:46:02Z,21240
2022-04-06T06:51:02Z,21338
2022-04-06T06:56:02Z,21608
2022-04-06T07:01:02Z,21637
2022-04-06T07:06:02Z,21496
2022-04-06T07:11:02Z,21961
2022-04-06T07:16:03Z,22075
2022-04-06T07:21:03Z,22288
2022-04-06T07:26:03Z,22883
2022-04-06T07:31:03Z,22867
2022-04-06T07:36:04Z,23382
2022-04-06T07:41:04Z,23700
2022-04-06T07:46:05Z,24380
2022-04-06T07:51:05Z,24241
2022-04-06T07:56:05Z,24387
2022-04-06T08:01:06Z,25860
2022-04-06T08:06:06Z,25701
2022-04-06T08:11:05Z,24768
2022-04-06T08:16:05Z,24542
2022-04-06T08:21:06Z,25675
2022-04-06T08:26:03Z,22821
2022-04-06T08:31:03Z,22765
2022-04-06T08:36:04Z,23122
2022-04-06T08:41:03Z,22733
2022-04-06T08:46:03Z,22963
2022-04-06T08:51:04Z,23274
2022-04-06T08:56:04Z,23608
2022-04-06T09:01:05Z,24615
2022-04-06T09:06:05Z,24074
2022-04-06T09:11:05Z,24947
2022-04-06T09:16:06Z,25163
2022-04-06T09:21:05Z,24944
2022-04-06T09:26:05Z,24911
2022-04-06T09:31:05Z,24932
2022-04-06T09:36:06Z,25747
2022-04-06T09:41:06Z,25212
2022-04-06T09:46:05Z,24955
2022-04-06T09:51:05Z,24912
2022-04-06T09:56:06Z,25869
2022-04-06T10:01:06Z,25569
2022-04-06T10:06:06Z,25399
2022-04-06T10:11:06Z,25655
2022-04-06T10:16:07Z,26252
2022-04-06T10:21:07Z,26399
2022-04-06T10:26:07Z,26224
2022-04-06T10:31:07Z,26077
2022-04-06T10:36:08Z,26482
2022-04-06T10:41:08Z,27511
2022-04-06T10:46:08Z,27853
2022-04-06T10:51:08Z,27860
2022-04-06T10:56:08Z,27637
2022-04-06T11:01:08Z,27474
2022-04-06T11:06:08Z,27538
2022-04-06T11:11:08Z,27596
2022-04-06T11:16:09Z,28117
2022-04-06T11:21:08Z,27903
2022-04-06T11:26:08Z,27629
2022-04-06T11:31:08Z,27938
2022-04-06T11:36:10Z,29120
2022-04-06T11:41:09Z,28740
2022-04-06T11:46:10Z,29587
2022-04-06T11:51:09Z,28442
2022-04-06T11:56:10Z,29184
2022-04-06T12:01:10Z,29956
2022-04-06T12:06:11Z,30079
2022-04-06T12:11:11Z,30459
2022-04-06T12:16:11Z,29994
2022-04-06T12:21:11Z,30915
2022-04-06T12:26:10Z,29970
2022-04-06T12:32:08Z,87577
2022-04-06T12:36:11Z,30687
2022-04-06T12:41:12Z,31247
2022-04-06T12:46:12Z,31030
2022-04-06T12:51:11Z,30542
2022-04-06T12:56:12Z,31666
2022-04-06T13:01:12Z,31221
2022-04-06T13:06:12Z,31588
2022-04-06T13:11:12Z,31074
2022-04-06T13:16:12Z,31837
2022-04-06T13:21:12Z,31628
2022-04-06T13:26:13Z,32089
2022-04-06T13:31:14Z,33217
2022-04-06T13:36:14Z,33136
2022-04-06T13:41:13Z,32646
2022-04-06T13:46:13Z,32846
2022-04-06T13:51:13Z,32595
2022-04-06T13:56:13Z,32877
2022-04-06T14:01:14Z,33091
2022-04-06T14:06:14Z,33065
2022-04-06T14:11:14Z,33767
2022-04-06T14:16:14Z,33966
2022-04-06T14:21:14Z,33830
2022-04-06T14:26:15Z,34094
2022-04-06T14:31:14Z,33621
2022-04-06T14:36:15Z,34107
2022-04-06T14:41:14Z,33915
2022-04-06T14:46:15Z,34596
2022-04-06T14:51:15Z,34515
2022-04-06T14:56:16Z,34984
2022-04-06T15:01:15Z,34899
2022-04-06T15:06:15Z,34860
2022-04-06T15:11:15Z,34374
2022-04-06T15:16:16Z,35417
2022-04-06T15:21:16Z,35585
2022-04-06T15:26:16Z,35282
2022-04-06T15:31:17Z,36252
2022-04-06T15:36:17Z,36046
2022-04-06T15:41:17Z,36102
2022-04-06T15:46:17Z,36261
2022-04-06T15:51:17Z,36768
2022-04-06T15:56:18Z,37094
2022-04-06T16:01:18Z,37234
2022-04-06T16:06:17Z,36885
2022-04-06T16:11:17Z,36878
2022-04-06T16:16:18Z,37445
2022-04-06T16:21:19Z,38056
2022-04-06T16:26:19Z,38506
2022-04-06T16:31:18Z,37535
2022-04-06T16:36:59Z,78634
2022-04-06T16:41:20Z,39591
2022-04-06T16:46:20Z,39231
2022-04-06T16:51:19Z,38414
2022-04-06T16:56:20Z,39158
2022-04-06T17:01:21Z,39995
2022-04-06T17:06:20Z,39915
2022-04-06T17:11:20Z,39772
2022-04-06T17:16:21Z,40260
2022-04-06T17:21:21Z,40183
2022-04-06T17:26:21Z,40677
2022-04-06T17:31:20Z,39924
2022-04-06T17:36:20Z,39851
2022-04-06T17:41:21Z,40430
2022-04-06T17:46:21Z,40598
2022-04-06T17:51:21Z,40111
2022-04-06T17:56:21Z,40124
2022-04-06T18:01:22Z,41116
2022-04-06T18:06:22Z,41549
2022-04-06T18:11:22Z,41424
2022-04-06T18:16:23Z,42047
2022-04-06T18:21:23Z,42812
2022-04-06T18:26:23Z,42356
2022-04-06T18:31:23Z,42557
2022-04-06T18:36:23Z,42204
2022-04-06T18:41:23Z,42308
2022-04-06T18:46:23Z,42752
2022-04-06T18:51:22Z,41608
2022-04-06T18:56:22Z,41706
2022-04-06T19:01:23Z,42826
2022-04-06T19:06:22Z,41794
2022-04-06T19:11:24Z,43012
2022-04-06T19:16:22Z,41828
2022-04-06T19:21:24Z,43308
2022-04-06T19:26:25Z,44813
2022-04-06T19:31:24Z,43286
2022-04-06T19:36:24Z,43013
2022-04-06T19:41:24Z,43963
2022-04-06T19:46:24Z,43966
2022-04-06T19:51:25Z,44003
2022-04-06T19:56:25Z,44940
2022-04-06T20:01:24Z,43895
2022-04-06T20:06:25Z,44427
2022-04-06T20:11:24Z,43653
2022-04-06T20:16:26Z,45174
2022-04-06T20:21:25Z,44536
2022-04-06T20:26:24Z,43934
2022-04-06T20:31:27Z,46875
2022-04-06T20:36:26Z,45253
2022-04-06T20:41:25Z,44866
2022-04-06T20:46:27Z,45662
2022-04-06T20:52:13Z,92126
2022-04-06T20:56:28Z,47271
2022-04-06T21:01:27Z,46082
2022-04-06T21:06:27Z,46622
2022-04-06T21:11:28Z,47195
2022-04-06T21:16:26Z,45510
2022-04-06T21:21:27Z,46578
2022-04-06T21:26:28Z,47284
2022-04-06T21:31:27Z,46183
2022-04-06T21:36:27Z,46706
2022-04-06T21:41:27Z,46783
2022-04-06T21:46:26Z,45904
2022-04-06T21:51:28Z,47299
2022-04-06T21:56:27Z,46411
2022-04-06T22:01:27Z,46680
2022-04-06T22:06:28Z,46949
2022-04-06T22:11:27Z,46879
2022-04-06T22:16:28Z,47795
2022-04-06T22:21:28Z,47282
2022-04-06T22:26:28Z,47884
2022-04-06T22:31:28Z,47186
2022-04-06T22:36:28Z,47645
2022-04-06T22:41:27Z,46706
2022-04-06T22:46:28Z,47170
2022-04-06T22:51:28Z,47327
2022-04-06T22:56:28Z,47508
2022-04-06T23:01:27Z,46999
2022-04-06T23:06:28Z,47144
2022-04-06T23:11:28Z,47066
2022-04-06T23:16:30Z,49224
2022-04-06T23:21:29Z,48156
2022-04-06T23:26:30Z,49157
2022-04-06T23:31:29Z,47970
2022-04-06T23:36:30Z,49302
2022-04-06T23:41:29Z,48889
2022-04-06T23:46:29Z,48340
2022-04-06T23:51:29Z,48255
2022-04-06T23:56:28Z,47711
2022-04-07T00:01:30Z,49795
2022-04-07T00:06:29Z,48247
2022-04-07T00:11:29Z,48034
2022-04-07T00:16:29Z,48038
2022-04-07T00:21:29Z,48121
2022-04-07T00:26:29Z,48351
2022-04-07T00:31:30Z,49286
2022-04-07T00:36:29Z,48583
2022-04-07T00:41:29Z,48317
2022-04-07T00:46:30Z,49588
2022-04-07T00:51:39Z,58456
2022-04-07T00:56:29Z,48381
2022-04-07T01:01:30Z,49213
2022-04-07T01:06:30Z,49387
2022-04-07T01:11:30Z,49613
2022-04-07T01:16:30Z,49040
2022-04-07T01:21:30Z,49115
2022-04-07T01:26:30Z,49316
2022-04-07T01:31:29Z,48873
2022-04-07T01:36:30Z,49827
2022-04-07T01:41:32Z,51369
2022-04-07T01:46:30Z,49351
2022-04-07T01:51:31Z,50438
2022-04-07T01:56:30Z,49199
2022-04-07T02:01:30Z,49451
2022-04-07T02:06:30Z,49758
2022-04-07T02:11:31Z,50968
2022-04-07T02:16:31Z,50645
2022-04-07T02:21:31Z,50429
2022-04-07T02:26:31Z,50218
2022-04-07T02:31:32Z,51046
2022-04-07T02:36:30Z,49409
2022-04-07T02:41:31Z,50071
2022-04-07T02:46:30Z,49051
2022-04-07T02:51:31Z,50090
2022-04-07T02:56:31Z,50170
2022-04-07T03:01:32Z,51243
2022-04-07T03:06:32Z,51377
2022-04-07T03:11:31Z,50059
2022-04-07T03:16:31Z,50483
2022-04-07T03:21:31Z,50454
2022-04-07T03:26:31Z,50669
2022-04-07T03:31:33Z,51999
2022-04-07T03:36:31Z,50505
2022-04-07T03:41:31Z,50385
2022-04-07T03:46:31Z,50638
2022-04-07T03:51:32Z,51378
2022-04-07T03:56:32Z,51524
2022-04-07T04:01:31Z,50506
2022-04-07T04:06:31Z,50832
2022-04-07T04:11:31Z,50272
2022-04-07T04:16:31Z,50523
2022-04-07T04:21:32Z,51894
2022-04-07T04:26:33Z,52545
2022-04-07T04:31:33Z,52663
2022-04-07T04:36:32Z,51545
2022-04-07T04:41:34Z,53504
2022-04-07T04:46:34Z,53189
2022-04-07T04:51:33Z,52653
2022-04-07T04:56:35Z,54068
2022-04-07T05:01:33Z,52495
2022-04-07T05:06:34Z,53186
2022-04-07T05:11:34Z,53088
2022-04-07T05:16:33Z,52451
2022-04-07T05:21:35Z,54107
2022-04-07T05:26:34Z,53682
2022-04-07T05:31:40Z,59251
2022-04-07T05:36:35Z,54234
2022-04-07T05:41:35Z,54303
2022-04-07T05:46:35Z,54065
2022-04-07T05:51:35Z,54655
2022-04-07T05:56:35Z,54664
2022-04-07T06:01:35Z,54081
2022-04-07T06:06:35Z,54927
2022-04-07T06:11:35Z,54087
2022-04-07T06:16:37Z,56579
2022-04-07T06:21:36Z,55993
2022-04-07T06:26:47Z,66003
2022-04-07T06:31:45Z,63076
2022-04-07T06:36:46Z,65556
2022-04-07T06:41:48Z,65099
2022-04-07T06:46:45Z,64896
2022-04-07T06:51:45Z,64849
2022-04-07T06:56:46Z,65198
2022-04-07T07:02:00Z,79810
2022-04-07T07:06:45Z,64912
2022-04-07T07:11:45Z,64515
2022-04-07T07:16:45Z,64674
2022-04-07T07:21:47Z,66137
2022-04-07T07:26:47Z,66850
2022-04-07T07:31:47Z,66787
2022-04-07T07:36:45Z,64871
2022-04-07T07:41:47Z,66677
2022-04-07T07:46:49Z,68733
2022-04-07T07:51:50Z,69108
2022-04-07T07:56:48Z,67984
2022-04-07T08:01:51Z,68103
2022-04-07T08:06:49Z,68828
2022-04-07T08:11:48Z,67903
2022-04-07T08:16:51Z,70021
2022-04-07T08:21:51Z,70827
2022-04-07T08:26:52Z,71529
2022-04-07T08:31:41Z,60786
2022-04-07T08:36:42Z,61481
2022-04-07T08:41:42Z,61216
2022-04-07T08:46:43Z,62078
2022-04-07T08:51:43Z,62126
2022-04-07T08:56:42Z,61724
2022-04-07T09:01:41Z,60692
2022-04-07T09:06:42Z,61078
2022-04-07T09:11:44Z,63083
2022-04-07T09:16:42Z,61151
2022-04-07T09:21:45Z,62690
2022-04-07T09:26:43Z,62917
2022-04-07T09:31:46Z,65321
2022-04-07T09:36:43Z,62379
2022-04-07T09:41:42Z,61960
2022-04-07T09:46:43Z,62662
2022-04-07T09:51:42Z,61477
2022-04-07T09:56:45Z,64312
2022-04-07T10:01:47Z,66746
2022-04-07T10:06:44Z,63079
2022-04-07T10:11:44Z,63554
2022-04-07T10:16:49Z,68156
2022-04-07T10:21:43Z,62013
2022-04-07T10:26:46Z,64307
2022-04-07T10:31:44Z,63772
2022-04-07T10:36:46Z,65255
2022-04-07T10:41:45Z,64664
2022-04-07T10:46:44Z,63570
2022-04-07T10:51:45Z,64415
2022-04-07T10:56:47Z,66170
2022-04-07T11:01:46Z,65165
2022-04-07T11:06:44Z,63902
2022-04-07T11:11:46Z,65912
2022-04-07T11:16:45Z,64720
2022-04-07T11:21:46Z,65370
2022-04-07T11:26:46Z,65767
2022-04-07T11:31:46Z,65069
2022-04-07T11:36:46Z,65747
2022-04-07T11:41:47Z,66139
2022-04-07T11:46:49Z,68104
2022-04-07T11:51:47Z,66560
2022-04-07T11:56:48Z,67290
2022-04-07T12:01:49Z,68584
2022-04-07T12:06:48Z,67721
2022-04-07T12:11:46Z,65672
2022-04-07T12:17:42Z,121634
2022-04-07T12:21:47Z,66842
2022-04-07T12:26:50Z,69008
2022-04-07T12:31:48Z,67605
2022-04-07T12:36:47Z,66062
2022-04-07T12:41:48Z,67684
2022-04-07T12:46:48Z,67451
2022-04-07T12:51:47Z,66940
2022-04-07T12:56:49Z,68746
2022-04-07T13:01:51Z,70154
2022-04-07T13:06:50Z,69578
2022-04-07T13:11:57Z,76162
2022-04-07T13:16:48Z,67482
2022-04-07T13:21:51Z,70148
2022-04-07T13:26:54Z,73735
2022-04-07T13:31:49Z,68661
2022-04-07T13:37:08Z,87329
2022-04-07T13:41:49Z,68546
2022-04-07T13:47:42Z,121934
2022-04-07T13:51:51Z,70794
2022-04-07T13:56:52Z,71562
2022-04-07T14:01:51Z,70649
2022-04-07T14:06:54Z,70500
2022-04-07T14:11:53Z,71705
2022-04-07T14:16:52Z,71080
2022-04-07T14:21:51Z,70417
2022-04-07T14:26:52Z,71657
2022-04-07T14:31:53Z,72181
2022-04-07T14:36:51Z,70568
2022-04-07T14:41:52Z,71475
2022-04-07T14:46:52Z,71114
2022-04-07T14:51:51Z,70202
2022-04-07T14:56:53Z,72215
2022-04-07T15:01:54Z,73152
2022-04-07T15:06:52Z,71556
2022-04-07T15:11:54Z,73492
2022-04-07T15:16:54Z,73269
2022-04-07T15:21:54Z,73198
2022-04-07T15:26:53Z,72940
2022-04-07T15:31:52Z,71524
2022-04-07T15:36:53Z,72539
2022-04-07T15:41:53Z,72184
2022-04-07T15:46:57Z,73266
2022-04-07T15:51:56Z,75009
2022-04-07T15:56:56Z,75877
2022-04-07T16:01:55Z,74522
2022-04-07T16:06:53Z,72917
2022-04-07T16:11:55Z,74717
2022-04-07T16:16:56Z,75559
2022-04-07T16:21:56Z,75033
2022-04-07T16:26:55Z,74294
2022-04-07T16:31:56Z,75148
2022-04-07T16:36:55Z,73989
2022-04-07T16:41:54Z,73797
2022-04-07T16:46:56Z,73893
2022-04-07T16:51:57Z,76072
2022-04-07T16:56:57Z,76039
2022-04-07T17:01:56Z,75012
2022-04-07T17:06:55Z,74902
2022-04-07T17:11:57Z,76755
2022-04-07T17:16:57Z,76166
2022-04-07T17:21:57Z,76719
2022-04-07T17:26:57Z,76519
2022-04-07T17:31:57Z,76737
2022-04-07T17:36:57Z,76464
2022-04-07T17:41:58Z,77763
2022-04-07T17:46:59Z,77999
2022-04-07T17:51:58Z,77882
2022-04-07T17:56:57Z,76494
2022-04-07T18:01:58Z,77838
2022-04-07T18:06:57Z,76713
2022-04-07T18:11:57Z,76863
2022-04-07T18:16:58Z,77701
2022-04-07T18:22:01Z,80321
2022-04-07T18:26:59Z,78591
2022-04-07T18:31:58Z,77689
2022-04-07T18:37:00Z,79432
2022-04-07T18:41:59Z,78366
2022-04-07T18:47:00Z,79782
2022-04-07T18:51:59Z,78670
2022-04-07T18:57:00Z,79430
2022-04-07T19:01:59Z,78540
2022-04-07T19:06:59Z,78200
2022-04-07T19:12:00Z,79547
2022-04-07T19:17:00Z,79483
2022-04-07T19:21:59Z,78147
2022-04-07T19:27:00Z,79533
2022-04-07T19:32:00Z,79340
2022-04-07T19:37:02Z,81100
2022-04-07T19:42:01Z,80336
2022-04-07T19:46:59Z,78930
2022-04-07T19:52:00Z,79704
2022-04-07T19:57:01Z,80378
2022-04-07T20:02:01Z,80218
2022-04-07T20:06:59Z,78788
2022-04-07T20:12:01Z,80081
2022-04-07T20:17:01Z,80012
2022-04-07T20:22:01Z,80644
2022-04-07T20:27:00Z,79446
2022-04-07T20:32:01Z,80244
2022-04-07T20:37:02Z,79150
2022-04-07T20:42:01Z,79699
2022-04-07T20:47:02Z,81691
2022-04-07T20:52:00Z,79437
2022-04-07T20:57:03Z,82255
2022-04-07T21:02:04Z,83444
2022-04-07T21:07:03Z,82136
2022-04-07T21:12:29Z,108323
2022-04-07T21:17:02Z,81734
2022-04-07T21:22:02Z,81187
2022-04-07T21:27:02Z,81916
2022-04-07T21:32:03Z,82055
2022-04-07T21:37:02Z,81937
2022-04-07T21:42:03Z,82130
2022-04-07T21:47:02Z,81284
2022-04-07T21:52:02Z,81894
2022-04-07T21:57:02Z,81438
2022-04-07T22:02:03Z,81980
2022-04-07T22:07:03Z,82035
2022-04-07T22:12:06Z,84981
2022-04-07T22:17:05Z,84583
2022-04-07T22:22:05Z,84224
2022-04-07T22:27:04Z,83543
2022-04-07T22:32:02Z,81532
2022-04-07T22:37:02Z,81255
2022-04-07T22:42:03Z,82971
2022-04-07T22:47:03Z,82381
2022-04-07T22:52:03Z,82153
2022-04-07T22:57:05Z,84228
2022-04-07T23:02:05Z,84659
2022-04-07T23:07:03Z,82872
2022-04-07T23:12:06Z,85518
2022-04-07T23:17:04Z,83175
2022-04-07T23:22:06Z,85540
2022-04-07T23:27:04Z,83775
2022-04-07T23:32:04Z,83220
2022-04-07T23:37:03Z,82921
2022-04-07T23:42:03Z,82525
2022-04-07T23:47:04Z,83812
2022-04-07T23:52:04Z,83032
2022-04-07T23:57:06Z,85263
2022-04-08T00:02:05Z,84231
2022-04-08T00:07:04Z,83254
2022-04-08T00:12:03Z,82939
2022-04-08T00:17:04Z,83993
2022-04-08T00:22:05Z,84775
2022-04-08T00:27:06Z,85558
2022-04-08T00:32:05Z,84423
2022-04-08T00:37:05Z,84090
2022-04-08T00:42:05Z,84274
2022-04-08T00:47:05Z,84601
2022-04-08T00:52:05Z,84639
2022-04-08T00:57:05Z,84759
2022-04-08T01:02:12Z,91519
2022-04-08T01:07:06Z,85219
2022-04-08T01:12:06Z,85326
2022-04-08T01:17:09Z,88373
2022-04-08T01:22:09Z,88336
2022-04-08T01:27:07Z,86592
2022-04-08T01:32:07Z,86697
2022-04-08T01:37:08Z,85170
2022-04-08T01:42:07Z,86794
2022-04-08T01:47:06Z,85961
2022-04-08T01:54:52Z,251130
2022-04-08T01:57:07Z,86920
2022-04-08T02:02:07Z,86393
2022-04-08T02:07:08Z,87208
2022-04-08T02:12:06Z,85828
2022-04-08T02:17:05Z,84916
2022-04-08T02:22:06Z,85031
2022-04-08T02:27:08Z,87431
2022-04-08T02:32:07Z,86916
2022-04-08T02:37:08Z,87188
2022-04-08T02:42:07Z,86081
2022-04-08T02:47:09Z,87967
2022-04-08T02:52:09Z,88257
2022-04-08T02:57:09Z,88237
2022-04-08T03:02:07Z,86703
2022-04-08T03:07:08Z,87847
2022-04-08T03:12:08Z,87543
2022-04-08T03:17:09Z,88032
2022-04-08T03:22:06Z,85718
2022-04-08T03:27:07Z,86513
2022-04-08T03:32:07Z,86025
2022-04-08T03:37:07Z,86570
2022-04-08T03:42:06Z,85710
2022-04-08T03:47:09Z,87744
2022-04-08T03:52:07Z,86517
2022-04-08T03:57:08Z,87634
2022-04-08T04:02:10Z,89066
2022-04-08T04:07:08Z,87166
2022-04-08T04:12:08Z,87530
2022-04-08T04:17:10Z,89330
2022-04-08T04:22:18Z,97886
2022-04-08T04:27:20Z,99201
2022-04-08T04:32:10Z,89882
2022-04-08T04:37:11Z,90034
2022-04-08T04:42:10Z,89318
2022-04-08T04:47:09Z,88618
2022-04-08T04:52:08Z,87874
2022-04-08T04:57:09Z,88488
2022-04-08T05:02:10Z,89074
2022-04-08T05:07:10Z,89742
2022-04-08T05:12:08Z,87991
2022-04-08T05:17:11Z,90325
2022-04-08T05:22:12Z,91590
2022-04-08T05:27:12Z,91077
2022-04-08T05:32:14Z,93068
2022-04-08T05:37:10Z,89098
2022-04-08T05:42:11Z,90910
2022-04-08T05:47:12Z,91012
2022-04-08T05:52:12Z,91819
2022-04-08T05:57:11Z,90255
2022-04-08T06:02:11Z,90645
2022-04-08T06:07:13Z,92851
2022-04-08T06:12:12Z,91064
2022-04-08T06:17:12Z,91875
2022-04-08T06:22:11Z,90915
2022-04-08T06:27:30Z,109232
2022-04-08T06:32:29Z,108663
2022-04-08T06:37:28Z,107711
2022-04-08T06:42:29Z,108744
2022-04-08T06:47:28Z,107021
2022-04-08T06:52:27Z,106639
2022-04-08T06:57:32Z,111537
2022-04-08T07:02:28Z,107360
2022-04-08T07:07:31Z,110492
2022-04-08T07:12:29Z,108840
2022-04-08T07:17:29Z,108586
2022-04-08T07:22:31Z,110398
2022-04-08T07:27:29Z,108496
2022-04-08T07:32:31Z,110136
2022-04-08T07:37:30Z,109356
2022-04-08T07:42:35Z,114384
2022-04-08T07:47:32Z,111167
2022-04-08T07:52:31Z,110697
2022-04-08T07:57:34Z,113258
2022-04-08T08:02:34Z,113186
2022-04-08T08:07:35Z,114266
2022-04-08T08:12:37Z,116290
2022-04-08T08:17:38Z,117924
2022-04-08T08:22:41Z,120171
2022-04-08T08:27:37Z,116747
2022-04-08T08:32:20Z,99921
2022-04-08T08:37:17Z,96627
2022-04-08T08:42:19Z,98293
2022-04-08T08:47:24Z,103414
2022-04-08T08:52:19Z,98650
2022-04-08T08:57:21Z,100384
2022-04-08T09:02:26Z,105456
2022-04-08T09:07:20Z,97743
2022-04-08T09:12:21Z,100586
2022-04-08T09:17:22Z,101176
2022-04-08T09:22:50Z,129160
2022-04-08T09:27:25Z,104524
2022-04-08T09:32:23Z,102967
2022-04-08T09:37:24Z,103378
2022-04-08T09:42:24Z,103048
2022-04-08T09:47:23Z,102230
2022-04-08T09:52:21Z,100219
2022-04-08T09:57:23Z,102645
2022-04-08T10:02:21Z,100553
2022-04-08T10:07:20Z,99354
2022-04-08T10:12:22Z,101011
2022-04-08T10:17:20Z,99058
2022-04-08T10:22:24Z,103630
2022-04-08T10:27:23Z,102270
2022-04-08T10:32:23Z,102159
2022-04-08T10:37:23Z,102802
2022-04-08T10:42:23Z,102453
2022-04-08T10:47:24Z,103536
2022-04-08T10:52:23Z,102450
2022-04-08T10:57:23Z,102008
2022-04-08T11:02:21Z,100855
2022-04-08T11:07:21Z,100288
2022-04-08T11:12:22Z,101558
2022-04-08T11:17:22Z,101418
2022-04-08T11:22:24Z,103606
2022-04-08T11:27:22Z,101029
2022-04-08T11:32:22Z,101578
2022-04-08T11:37:24Z,103394
2022-04-08T11:42:24Z,103134
2022-04-08T11:47:23Z,102631
2022-04-08T11:52:24Z,103871
2022-04-08T11:57:28Z,107252
2022-04-08T12:02:24Z,103110
2022-04-08T12:07:27Z,106033
2022-04-08T12:12:25Z,104428
2022-04-08T12:17:24Z,103381
2022-04-08T12:22:25Z,104054
2022-04-08T12:27:25Z,104438
2022-04-08T12:32:27Z,106261
2022-04-08T12:37:26Z,105936
2022-04-08T12:42:28Z,107709
2022-04-08T12:47:27Z,106598
2022-04-08T12:52:26Z,105327
2022-04-08T12:57:25Z,104692
2022-04-08T13:02:28Z,107585
2022-04-08T13:07:26Z,105696
2022-04-08T13:12:26Z,105030
2022-04-08T13:17:26Z,105576
2022-04-08T13:22:30Z,109268
2022-04-08T13:27:30Z,109020
2022-04-08T13:32:31Z,110171
2022-04-08T13:37:28Z,107919
2022-04-08T13:42:28Z,107816
2022-04-08T13:47:28Z,107414
2022-04-08T13:52:29Z,108677
2022-04-08T13:57:35Z,110344
2022-04-08T14:02:31Z,109977
2022-04-08T14:07:32Z,111006
2022-04-08T14:12:29Z,108657
2022-04-08T14:17:29Z,107985
2022-04-08T14:22:30Z,109562
2022-04-08T14:27:32Z,111321
2022-04-08T14:32:30Z,109130
2022-04-08T14:37:30Z,109460
2022-04-08T14:42:30Z,109678
2022-04-08T14:47:30Z,109387
2022-04-08T14:52:31Z,110222
2022-04-08T14:57:30Z,109595
2022-04-08T15:02:33Z,112609
2022-04-08T15:07:29Z,108469
2022-04-08T15:12:31Z,110222
2022-04-08T15:17:32Z,109991
2022-04-08T15:22:32Z,111391
2022-04-08T15:27:32Z,111585
2022-04-08T15:32:31Z,110196
2022-04-08T15:37:33Z,112583
2022-04-08T15:42:31Z,110784
2022-04-08T15:47:33Z,112213
2022-04-08T15:52:34Z,113715
2022-04-08T15:57:36Z,114984
2022-04-08T16:02:33Z,112079
2022-04-08T16:07:32Z,111439
2022-04-08T16:12:36Z,113110
2022-04-08T16:17:32Z,111852
2022-04-08T16:22:30Z,109756
2022-04-08T16:27:36Z,115720
2022-04-08T16:32:33Z,112558
2022-04-08T16:37:34Z,113546
2022-04-08T16:42:34Z,113890
2022-04-08T16:47:36Z,115777
2022-04-08T16:52:34Z,112978
2022-04-08T16:57:33Z,112853
2022-04-08T17:02:33Z,112901
2022-04-08T17:07:34Z,113199
2022-04-08T17:12:34Z,113285
2022-04-08T17:17:36Z,115158
2022-04-08T17:22:33Z,112707
2022-04-08T17:27:36Z,115992
2022-04-08T17:32:33Z,112921
2022-04-08T17:37:34Z,113910
2022-04-08T17:42:34Z,113898
2022-04-08T17:47:36Z,113990
2022-04-08T17:52:36Z,115306
2022-04-08T17:57:41Z,120776
2022-04-08T18:02:37Z,116924
2022-04-08T18:07:40Z,119800
2022-04-08T18:12:40Z,119398
2022-04-08T18:17:37Z,116172
2022-04-08T18:22:39Z,118466
2022-04-08T18:27:39Z,118464
2022-04-08T18:32:41Z,120457
2022-04-08T18:37:41Z,120146
2022-04-08T18:42:38Z,117445
2022-04-08T18:47:42Z,121295
2022-04-08T18:52:36Z,115492
2022-04-08T18:57:39Z,118309
2022-04-08T19:02:39Z,117456
2022-04-08T19:07:38Z,117131
2022-04-08T19:12:37Z,116610
2022-04-08T19:17:38Z,117923
2022-04-08T19:22:37Z,116014
2022-04-08T19:27:39Z,118762
2022-04-08T19:32:41Z,120261
2022-04-08T19:37:40Z,119072
2022-04-08T19:42:41Z,120102
2022-04-08T19:47:40Z,119017
2022-04-08T19:52:38Z,117952
2022-04-08T19:57:41Z,120119
2022-04-08T20:02:39Z,118736
2022-04-08T20:07:42Z,121816
2022-04-08T20:12:42Z,121396
2022-04-08T20:17:40Z,119430
2022-04-08T20:22:40Z,117112
2022-04-08T20:27:39Z,118673
2022-04-08T20:32:42Z,120441
2022-04-08T20:37:42Z,121284
2022-04-08T20:43:01Z,140741
2022-04-08T20:47:38Z,117919
2022-04-08T20:52:40Z,119313
2022-04-08T20:57:43Z,122098
2022-04-08T21:02:42Z,121682
2022-04-08T21:07:43Z,122507
2022-04-08T21:12:43Z,121992
2022-04-08T21:17:44Z,122996
2022-04-08T21:22:41Z,120636
2022-04-08T21:27:41Z,120815
2022-04-08T21:32:41Z,120821
2022-04-08T21:37:42Z,120499
2022-04-08T21:42:42Z,121823
2022-04-08T21:47:42Z,121475
2022-04-08T21:52:40Z,119411
2022-04-08T21:57:40Z,119624
2022-04-08T22:02:44Z,123297
2022-04-08T22:07:42Z,121636
2022-04-08T22:12:46Z,125627
2022-04-08T22:17:45Z,124691
2022-04-08T22:22:44Z,123253
2022-04-08T22:27:48Z,127263
2022-04-08T22:32:43Z,122855
2022-04-08T22:37:44Z,123589
2022-04-08T22:42:44Z,123552
2022-04-08T22:47:45Z,124951
2022-04-08T22:52:44Z,123448
2022-04-08T22:57:44Z,123515
2022-04-08T23:02:45Z,124092
2022-04-08T23:08:13Z,152463
2022-04-08T23:12:44Z,123778
2022-04-08T23:17:43Z,122508
2022-04-08T23:22:44Z,123793
2022-04-08T23:27:47Z,126575
2022-04-08T23:32:46Z,125857
2022-04-08T23:37:44Z,123868
2022-04-08T23:42:44Z,123258
2022-04-08T23:47:43Z,122078
2022-04-08T23:52:43Z,122307
2022-04-08T23:57:46Z,125277
2022-04-09T00:02:48Z,127101
2022-04-09T00:07:44Z,123961
2022-04-09T00:12:44Z,123049
2022-04-09T00:17:45Z,123871
2022-04-09T00:22:49Z,128363
2022-04-09T00:27:49Z,128945
2022-04-09T00:32:48Z,127319
2022-04-09T00:37:48Z,127338
2022-04-09T00:42:44Z,123662
2022-04-09T00:47:55Z,134237
2022-04-09T00:52:45Z,124047
2022-04-09T00:57:44Z,123184
2022-04-09T01:02:44Z,123182
2022-04-09T01:07:45Z,124616
2022-04-09T01:12:47Z,126464
2022-04-09T01:17:46Z,125497
2022-04-09T01:22:43Z,122167
2022-04-09T01:27:47Z,126068
2022-04-09T01:32:49Z,125917
2022-04-09T01:37:48Z,125217
2022-04-09T01:42:45Z,123130
2022-04-09T01:47:47Z,126720
2022-04-09T01:52:49Z,127959
2022-04-09T01:57:46Z,125151
2022-04-09T02:02:46Z,125062
2022-04-09T02:07:46Z,125319
2022-04-09T02:13:03Z,142041
2022-04-09T02:17:43Z,122484
2022-04-09T02:22:45Z,124564
2022-04-09T02:27:49Z,125942
2022-04-09T02:33:03Z,140808
2022-04-09T02:37:48Z,127678
2022-04-09T02:42:43Z,122966
2022-04-09T02:47:48Z,127347
2022-04-09T02:52:47Z,126203
2022-04-09T02:57:46Z,125244
2022-04-09T03:02:46Z,125683
2022-04-09T03:07:47Z,126041
2022-04-09T03:12:46Z,125661
2022-04-09T03:17:45Z,124633
2022-04-09T03:22:44Z,123930
2022-04-09T03:27:47Z,126052
2022-04-09T03:32:45Z,124553
2022-04-09T03:37:44Z,123980
2022-04-09T03:42:47Z,126105
2022-04-09T03:47:44Z,123928
2022-04-09T03:52:46Z,125678
2022-04-09T03:57:49Z,128165
2022-04-09T04:02:49Z,128348
2022-04-09T04:07:46Z,124990
2022-04-09T04:12:46Z,125410
2022-04-09T04:17:49Z,128071
2022-04-09T04:22:45Z,124694
2022-04-09T04:27:48Z,127332
2022-04-09T04:32:46Z,125049
2022-04-09T04:37:48Z,127957
2022-04-09T04:42:48Z,127647
2022-04-09T04:47:48Z,127654
2022-04-09T04:52:46Z,125308
2022-04-09T04:57:48Z,127919
2022-04-09T05:02:51Z,130214
2022-04-09T05:07:48Z,127151
2022-04-09T05:12:46Z,125512
2022-04-09T05:17:51Z,130072
2022-04-09T05:22:46Z,125022
2022-04-09T05:27:47Z,126292
2022-04-09T05:32:49Z,128391
2022-04-09T05:37:50Z,129096
2022-04-09T05:42:46Z,125522
2022-04-09T05:47:48Z,127319
2022-04-09T05:52:52Z,131124
2022-04-09T05:57:50Z,129445
2022-04-09T06:02:51Z,130790
2022-04-09T06:07:48Z,127411
2022-04-09T06:12:48Z,127369
2022-04-09T06:17:48Z,127220
2022-04-09T06:22:48Z,127603
2022-04-09T06:28:12Z,151569
2022-04-09T06:33:07Z,146751
2022-04-09T06:38:11Z,150237
2022-04-09T06:43:08Z,147742
2022-04-09T06:48:13Z,148435
2022-04-09T06:53:13Z,152849
2022-04-09T06:58:14Z,153909
2022-04-09T07:03:14Z,153314
2022-04-09T07:08:09Z,148915
2022-04-09T07:13:18Z,157659
2022-04-09T07:18:17Z,156804
2022-04-09T07:23:12Z,151404
2022-04-09T07:28:08Z,147327
2022-04-09T07:33:05Z,144458
2022-04-09T07:38:10Z,149792
2022-04-09T07:43:28Z,167338
2022-04-09T07:48:08Z,147604
2022-04-09T07:53:12Z,150602
2022-04-09T07:58:14Z,153856
2022-04-09T08:03:10Z,149053
2022-04-09T08:08:14Z,153774
2022-04-09T08:13:16Z,154981
2022-04-09T08:18:15Z,154808
2022-04-09T08:23:15Z,154653
2022-04-09T08:28:15Z,154680
2022-04-09T08:32:54Z,133152
2022-04-09T08:37:55Z,134424
2022-04-09T08:42:53Z,132320
2022-04-09T08:47:51Z,130786
2022-04-09T08:52:50Z,129660
2022-04-09T08:57:54Z,133625
2022-04-09T09:02:56Z,135690
2022-04-09T09:07:53Z,132697
2022-04-09T09:12:53Z,130060
2022-04-09T09:17:55Z,134258
2022-04-09T09:23:04Z,141509
2022-04-09T09:27:55Z,134835
2022-04-09T09:32:51Z,130909
2022-04-09T09:37:51Z,130491
2022-04-09T09:42:52Z,131559
2022-04-09T09:47:52Z,131712
2022-04-09T09:52:53Z,132432
2022-04-09T09:57:53Z,132946
2022-04-09T10:02:53Z,132023
2022-04-09T10:07:54Z,133075
2022-04-09T10:12:53Z,132633
2022-04-09T10:17:56Z,135457
2022-04-09T10:23:00Z,139417
2022-04-09T10:27:53Z,132158
2022-04-09T10:32:56Z,135473
2022-04-09T10:37:58Z,134440
2022-04-09T10:42:56Z,135833
2022-04-09T10:47:59Z,135240
2022-04-09T10:52:55Z,134824
2022-04-09T10:57:59Z,138954
2022-04-09T11:02:59Z,138434
2022-04-09T11:08:01Z,140663
2022-04-09T11:12:55Z,134268
2022-04-09T11:17:56Z,135185
2022-04-09T11:22:55Z,134938
2022-04-09T11:27:57Z,136738
2022-04-09T11:32:56Z,135332
2022-04-09T11:37:54Z,133575
2022-04-09T11:42:53Z,132866
2022-04-09T11:47:57Z,136935
2022-04-09T11:52:56Z,135663
2022-04-09T11:57:58Z,137352
2022-04-09T12:02:56Z,135147
2022-04-09T12:07:56Z,135843
2022-04-09T12:12:58Z,137447
2022-04-09T12:18:01Z,140455
2022-04-09T12:23:03Z,142156
2022-04-09T12:28:05Z,144304
2022-04-09T12:32:59Z,138455
2022-04-09T12:38:00Z,139337
2022-04-09T12:43:01Z,140054
2022-04-09T12:47:58Z,137681
2022-04-09T12:53:01Z,140501
2022-04-09T12:57:58Z,137543
2022-04-09T13:03:02Z,141342
2022-04-09T13:08:00Z,139261
2022-04-09T13:12:55Z,134003
2022-04-09T13:18:00Z,137886
2022-04-09T13:22:58Z,137282
2022-04-09T13:28:01Z,140368
2022-04-09T13:33:02Z,141535
2022-04-09T13:37:59Z,138793
2022-04-09T13:42:59Z,138861
2022-04-09T13:47:58Z,137384
2022-04-09T13:52:57Z,136754
2022-04-09T13:58:02Z,141702
2022-04-09T14:03:01Z,140283
2022-04-09T14:07:58Z,137404
2022-04-09T14:13:00Z,139347
2022-04-09T14:17:59Z,138141
2022-04-09T14:22:58Z,137722
2022-04-09T14:28:03Z,142067
2022-04-09T14:33:01Z,140408
2022-04-09T14:38:01Z,140406
2022-04-09T14:43:00Z,139865
2022-04-09T14:48:04Z,143186
2022-04-09T14:53:02Z,141288
2022-04-09T14:58:04Z,143421
2022-04-09T15:03:01Z,140174
2022-04-09T15:08:04Z,143391
2022-04-09T15:13:01Z,140748
2022-04-09T15:18:02Z,141350
2022-04-09T15:23:03Z,142079
2022-04-09T15:28:02Z,141572
2022-04-09T15:33:02Z,141985
2022-04-09T15:38:02Z,141624
2022-04-09T15:43:00Z,139552
2022-04-09T15:48:03Z,142665
2022-04-09T15:53:11Z,146047
2022-04-09T15:58:03Z,142956
2022-04-09T16:03:10Z,145299
2022-04-09T16:08:08Z,147237
2022-04-09T16:13:11Z,150903
2022-04-09T16:18:07Z,146819
2022-04-09T16:23:02Z,141894
2022-04-09T16:28:10Z,149150
2022-04-09T16:33:06Z,145808
2022-04-09T16:38:06Z,145644
2022-04-09T16:43:05Z,144791
2022-04-09T16:48:06Z,144999
2022-04-09T16:53:04Z,143866
2022-04-09T16:58:07Z,146900
2022-04-09T17:03:06Z,145783
2022-04-09T17:08:09Z,146905
2022-04-09T17:13:04Z,143114
2022-04-09T17:18:08Z,147950
2022-04-09T17:23:08Z,147036
2022-04-09T17:28:10Z,149094
2022-04-09T17:33:10Z,149143
2022-04-09T17:38:06Z,145665
2022-04-09T17:43:04Z,143558
2022-04-09T17:48:08Z,147737
2022-04-09T17:53:08Z,147110
2022-04-09T17:58:08Z,147666
2022-04-09T18:03:07Z,146377
2022-04-09T18:08:06Z,145232
2022-04-09T18:13:10Z,149112
2022-04-09T18:18:09Z,148712
2022-04-09T18:23:06Z,145500
2022-04-09T18:28:07Z,146779
2022-04-09T18:33:11Z,146490
2022-04-09T18:38:08Z,147364
2022-04-09T18:43:07Z,146581
2022-04-09T18:48:12Z,151710
2022-04-09T18:53:11Z,150315
2022-04-09T18:58:10Z,148992
2022-04-09T19:03:08Z,147670
2022-04-09T19:08:08Z,147109
2022-04-09T19:13:11Z,150916
2022-04-09T19:18:08Z,147237
2022-04-09T19:23:11Z,150559
2022-04-09T19:28:11Z,150443
2022-04-09T19:33:09Z,148985
2022-04-09T19:38:13Z,152548
2022-04-09T19:43:11Z,149516
2022-04-09T19:48:11Z,148537
2022-04-09T19:53:11Z,150703
2022-04-09T19:58:14Z,153690
2022-04-09T20:03:13Z,152690
2022-04-09T20:08:10Z,149037
2022-04-09T20:13:11Z,149975
2022-04-09T20:18:13Z,152686
2022-04-09T20:23:14Z,153314
2022-04-09T20:28:17Z,156250
2022-04-09T20:33:11Z,150452
2022-04-09T20:38:09Z,148006
2022-04-09T20:43:15Z,154867
2022-04-09T20:48:11Z,150708
2022-04-09T20:53:13Z,152794
2022-04-09T20:58:11Z,150326
2022-04-09T21:03:14Z,153000
2022-04-09T21:08:16Z,153385
2022-04-09T21:13:11Z,150466
2022-04-09T21:18:13Z,152697
2022-04-09T21:23:11Z,150200
2022-04-09T21:28:15Z,154002
2022-04-09T21:33:13Z,152544
2022-04-09T21:38:10Z,149458
2022-04-09T21:43:12Z,151935
2022-04-09T21:48:13Z,152796
2022-04-09T21:53:10Z,149088
2022-04-09T21:58:11Z,150179
2022-04-09T22:03:10Z,149136
2022-04-09T22:08:13Z,152573
2022-04-09T22:13:12Z,151053
2022-04-09T22:18:15Z,154265
2022-04-09T22:23:10Z,149655
2022-04-09T22:28:11Z,150841
2022-04-09T22:33:11Z,150098
2022-04-09T22:38:13Z,151320
2022-04-09T22:43:15Z,154626
2022-04-09T22:48:15Z,154420
2022-04-09T22:53:16Z,155268
2022-04-09T22:58:14Z,153416
2022-04-09T23:03:13Z,152420
2022-04-09T23:08:50Z,189963
2022-04-09T23:13:12Z,151320
2022-04-09T23:18:12Z,151054
2022-04-09T23:23:15Z,154244
2022-04-09T23:28:15Z,154723
2022-04-09T23:33:15Z,154904
2022-04-09T23:38:37Z,176894
2022-04-09T23:43:14Z,153470
2022-04-09T23:48:15Z,154985
2022-04-09T23:53:15Z,154165
2022-04-09T23:58:16Z,155969
2022-04-10T00:03:20Z,159391
2022-04-10T00:08:17Z,156905
2022-04-10T00:13:14Z,153269
2022-04-10T00:18:16Z,155115
2022-04-10T00:23:14Z,153728
2022-04-10T00:28:18Z,157551
2022-04-10T00:33:16Z,155659
2022-04-10T00:38:15Z,154210
2022-04-10T00:43:13Z,152401
2022-04-10T00:48:16Z,155333
2022-04-10T00:53:14Z,153207
2022-04-10T00:58:12Z,151734
2022-04-10T01:03:16Z,155339
2022-04-10T01:08:22Z,158398
2022-04-10T01:13:17Z,156171
2022-04-10T01:18:24Z,160502
2022-04-10T01:23:18Z,157205
2022-04-10T01:28:18Z,157992
2022-04-10T01:33:19Z,158338
2022-04-10T01:38:20Z,159114
2022-04-10T01:43:18Z,157730
2022-04-10T01:48:20Z,159716
2022-04-10T01:53:22Z,161422
2022-04-10T01:58:18Z,157806
2022-04-10T02:03:19Z,158319
2022-04-10T02:08:17Z,156856
2022-04-10T02:13:14Z,153914
2022-04-10T02:18:17Z,156610
2022-04-10T02:23:18Z,157293
2022-04-10T02:28:19Z,158336
2022-04-10T02:33:18Z,155374
2022-04-10T02:38:17Z,156156
2022-04-10T02:43:19Z,158400
2022-04-10T02:48:20Z,158978
2022-04-10T02:53:18Z,157961
2022-04-10T02:58:22Z,161573
2022-04-10T03:03:22Z,161916
2022-04-10T03:08:20Z,159617
2022-04-10T03:13:19Z,158415
2022-04-10T03:18:17Z,156535
2022-04-10T03:23:15Z,154372
2022-04-10T03:28:19Z,158068
2022-04-10T03:33:17Z,156629
2022-04-10T03:38:20Z,159196
2022-04-10T03:43:31Z,166096
2022-04-10T03:48:17Z,154650
2022-04-10T03:53:17Z,156766
2022-04-10T03:58:18Z,157779
2022-04-10T04:03:17Z,156194
2022-04-10T04:08:17Z,156955
2022-04-10T04:13:20Z,159115
2022-04-10T04:18:18Z,157413
2022-04-10T04:23:19Z,158602
2022-04-10T04:28:21Z,160046
2022-04-10T04:33:20Z,159542
2022-04-10T04:38:26Z,165270
2022-04-10T04:43:23Z,162363
2022-04-10T04:48:18Z,157740
2022-04-10T04:53:22Z,161533
2022-04-10T04:58:19Z,158923
2022-04-10T05:03:19Z,158748
2022-04-10T05:08:19Z,158367
2022-04-10T05:13:20Z,159509
2022-04-10T05:18:18Z,157838
2022-04-10T05:23:20Z,159444
2022-04-10T05:28:22Z,161457
2022-04-10T05:33:22Z,161078
2022-04-10T05:38:19Z,158861
2022-04-10T05:43:40Z,179080
2022-04-10T05:48:19Z,158923
2022-04-10T05:53:16Z,155557
2022-04-10T05:58:20Z,159938
2022-04-10T06:03:18Z,157967
2022-04-10T06:08:20Z,159332
2022-04-10T06:13:17Z,154868
2022-04-10T06:18:21Z,160063
2022-04-10T06:23:21Z,160717
2022-04-10T06:28:50Z,186112
2022-04-10T06:33:51Z,190588
2022-04-10T06:38:51Z,190154
2022-04-10T06:43:51Z,189975
2022-04-10T06:48:43Z,182018
2022-04-10T06:53:41Z,180542
2022-04-10T06:58:49Z,188706
2022-04-10T07:03:42Z,181135
2022-04-10T07:08:44Z,183825
2022-04-10T07:13:38Z,177434
2022-04-10T07:18:43Z,182737
2022-04-10T07:23:38Z,177318
2022-04-10T07:28:43Z,182651
2022-04-10T07:33:43Z,180363
2022-04-10T07:38:44Z,183024
2022-04-10T07:43:42Z,176785
2022-04-10T07:48:47Z,184101
2022-04-10T07:53:41Z,180344
2022-04-10T07:58:48Z,187339
2022-04-10T08:03:40Z,179472
2022-04-10T08:08:50Z,189024
2022-04-10T08:13:43Z,182916
2022-04-10T08:18:41Z,180699
2022-04-10T08:23:48Z,187102
2022-04-10T08:28:43Z,182580
2022-04-10T08:33:50Z,189164
2022-04-10T08:39:03Z,202213
2022-04-10T08:43:53Z,192002
2022-04-10T08:48:53Z,192954
2022-04-10T08:53:30Z,169664
2022-04-10T08:58:27Z,165473
2022-04-10T09:03:29Z,168067
2022-04-10T09:08:27Z,166553
2022-04-10T09:13:27Z,162356
2022-04-10T09:18:26Z,165483
2022-04-10T09:23:27Z,166026
2022-04-10T09:28:25Z,164475
2022-04-10T09:33:29Z,167976
2022-04-10T09:38:25Z,164894
2022-04-10T09:43:23Z,162543
2022-04-10T09:48:27Z,166113
2022-04-10T09:53:22Z,161124
2022-04-10T09:58:25Z,164889
2022-04-10T10:03:25Z,164054
2022-04-10T10:08:24Z,163248
2022-04-10T10:13:26Z,165730
2022-04-10T10:18:26Z,165261
2022-04-10T10:23:27Z,162956
2022-04-10T10:28:30Z,167316
2022-04-10T10:33:28Z,165685
2022-04-10T10:38:25Z,164449
2022-04-10T10:43:25Z,164236
2022-04-10T10:48:26Z,165822
2022-04-10T10:53:26Z,165868
2022-04-10T10:59:35Z,234965
2022-04-10T11:03:33Z,172945
2022-04-10T11:08:34Z,173612
2022-04-10T11:13:26Z,165306
2022-04-10T11:18:23Z,162791
2022-04-10T11:23:27Z,166011
2022-04-10T11:28:28Z,167732
2022-04-10T11:33:24Z,163027
2022-04-10T11:38:31Z,165086
2022-04-10T11:44:07Z,206689
2022-04-10T11:48:42Z,181384
2022-04-10T11:53:30Z,169744
2022-04-10T11:58:32Z,171104
2022-04-10T12:03:34Z,173431
2022-04-10T12:08:27Z,166595
2022-04-10T12:14:08Z,207334
2022-04-10T12:18:31Z,170529
2022-04-10T12:23:34Z,173825
2022-04-10T12:28:27Z,166237
2022-04-10T12:33:29Z,168793
2022-04-10T12:38:28Z,167837
2022-04-10T12:44:28Z,227132
2022-04-10T12:48:29Z,168519
2022-04-10T12:53:37Z,176195
2022-04-10T12:58:30Z,167191
2022-04-10T13:03:33Z,172117
2022-04-10T13:09:06Z,204350
2022-04-10T13:13:30Z,169627
2022-04-10T13:18:43Z,182862
2022-04-10T13:23:37Z,176774
2022-04-10T13:28:29Z,168609
2022-04-10T13:33:36Z,175016
2022-04-10T13:38:36Z,175993
2022-04-10T13:43:32Z,171705
2022-04-10T13:48:30Z,169394
2022-04-10T13:53:33Z,172598
2022-04-10T13:58:38Z,177149
2022-04-10T14:04:01Z,200555
2022-04-10T14:08:29Z,168748
2022-04-10T14:13:30Z,169314
2022-04-10T14:18:33Z,172596
2022-04-10T14:23:46Z,185074
2022-04-10T14:28:35Z,174096
2022-04-10T14:33:35Z,174003
2022-04-10T14:38:39Z,178653
2022-04-10T14:43:34Z,173680
2022-04-10T14:48:37Z,176027
2022-04-10T14:53:37Z,176386
2022-04-10T14:58:35Z,174689
2022-04-10T15:03:35Z,174226
2022-04-10T15:08:35Z,174901
2022-04-10T15:13:36Z,175113
2022-04-10T15:18:33Z,172223
2022-04-10T15:23:45Z,184527
2022-04-10T15:28:35Z,174132
2022-04-10T15:33:32Z,171489
2022-04-10T15:38:34Z,173641
2022-04-10T15:43:36Z,175762
2022-04-10T15:48:36Z,175952
2022-04-10T15:53:40Z,179676
2022-04-10T15:58:37Z,176627
2022-04-10T16:03:34Z,173096
2022-04-10T16:08:38Z,177358
2022-04-10T16:13:37Z,176241
2022-04-10T16:18:38Z,177097
2022-04-10T16:23:39Z,178121
2022-04-10T16:28:40Z,179636
2022-04-10T16:33:38Z,177095
2022-04-10T16:38:41Z,180753
2022-04-10T16:43:38Z,177073
2022-04-10T16:48:41Z,176031
2022-04-10T16:53:35Z,174341
2022-04-10T16:58:38Z,177281
2022-04-10T17:03:45Z,184538
2022-04-10T17:08:45Z,184534
2022-04-10T17:13:36Z,175934
2022-04-10T17:18:36Z,175959
2022-04-10T17:23:37Z,176838
2022-04-10T17:28:40Z,179078
2022-04-10T17:33:36Z,175670
2022-04-10T17:38:41Z,180002
2022-04-10T17:43:37Z,176548
2022-04-10T17:48:41Z,180322
2022-04-10T17:53:44Z,183513
2022-04-10T17:58:41Z,180164
2022-04-10T18:03:42Z,178436
2022-04-10T18:10:36Z,295613
2022-04-10T18:13:40Z,175223
2022-04-10T18:18:39Z,178841
2022-04-10T18:23:37Z,176313
2022-04-10T18:28:44Z,183970
2022-04-10T18:33:41Z,180720
2022-04-10T18:38:41Z,180785
2022-04-10T18:43:39Z,178774
2022-04-10T18:48:39Z,178131
2022-04-10T18:53:52Z,191623
2022-04-10T18:58:48Z,187564
2022-04-10T19:03:43Z,182137
2022-04-10T19:08:49Z,188310
2022-04-10T19:13:37Z,176917
2022-04-10T19:18:42Z,181550
2022-04-10T19:23:43Z,178383
2022-04-10T19:28:40Z,179386
2022-04-10T19:33:48Z,184363
2022-04-10T19:38:42Z,181554
2022-04-10T19:43:41Z,180769
2022-04-10T19:48:42Z,181371
2022-04-10T19:53:38Z,177973
2022-04-10T19:58:41Z,180837
2022-04-10T20:03:43Z,182912
2022-04-10T20:08:42Z,181222
2022-04-10T20:13:42Z,181114
2022-04-10T20:18:44Z,183731
2022-04-10T20:23:48Z,187116
2022-04-10T20:28:47Z,186238
2022-04-10T20:33:49Z,188313
2022-04-10T20:38:50Z,189150
2022-04-10T20:43:40Z,179699
2022-04-10T20:48:43Z,182140
2022-04-10T20:53:45Z,184685
2022-04-10T20:58:54Z,191692
2022-04-10T21:03:49Z,188893
2022-04-10T21:08:52Z,191436
2022-04-10T21:13:49Z,188653
2022-04-10T21:18:50Z,189024
2022-04-10T21:23:45Z,184839
2022-04-10T21:28:43Z,182783
2022-04-10T21:33:44Z,183461
2022-04-10T21:38:44Z,183251
2022-04-10T21:43:48Z,187424
2022-04-10T21:49:00Z,199384
2022-04-10T21:53:49Z,188374
2022-04-10T21:58:52Z,191689
2022-04-10T22:03:49Z,188956
2022-04-10T22:08:52Z,186052
2022-04-10T22:13:48Z,187764
2022-04-10T22:18:53Z,192749
2022-04-10T22:23:49Z,188134
2022-04-10T22:28:53Z,192287
2022-04-10T22:33:55Z,194162
2022-04-10T22:38:44Z,183944
2022-04-10T22:43:52Z,191044
2022-04-10T22:48:57Z,196858
2022-04-10T22:53:47Z,186592
2022-04-10T22:58:45Z,184215
2022-04-10T23:03:51Z,190050
2022-04-10T23:08:58Z,197666
2022-04-10T23:13:50Z,189698
2022-04-10T23:18:53Z,192810
2022-04-10T23:23:45Z,184366
2022-04-10T23:28:51Z,190220
2022-04-10T23:33:49Z,186074
2022-04-10T23:38:50Z,189592
2022-04-10T23:43:52Z,185581
2022-04-10T23:49:54Z,253783
2022-04-10T23:53:53Z,192308
2022-04-10T23:58:55Z,193988
2022-04-11T00:03:50Z,189052
2022-04-11T00:08:49Z,188395
2022-04-11T00:13:45Z,184364
2022-04-11T00:18:46Z,185703
2022-04-11T00:23:49Z,188752
2022-04-11T00:28:50Z,189708
2022-04-11T00:33:54Z,193151
2022-04-11T00:38:53Z,192066
2022-04-11T00:43:51Z,190227
2022-04-11T00:48:45Z,184626
2022-04-11T00:53:57Z,194258
2022-04-11T00:58:48Z,187785
2022-04-11T01:03:49Z,188189
2022-04-11T01:08:59Z,198671
2022-04-11T01:13:58Z,197104
2022-04-11T01:18:57Z,195987
2022-04-11T01:24:00Z,199311
2022-04-11T01:28:51Z,190733
2022-04-11T01:33:51Z,190204
2022-04-11T01:38:50Z,188992
2022-04-11T01:44:03Z,202341
2022-04-11T01:48:52Z,191608
2022-04-11T01:53:55Z,194515
2022-04-11T01:58:52Z,191731
2022-04-11T02:03:51Z,190310
2022-04-11T02:08:52Z,191031
2022-04-11T02:13:49Z,188031
2022-04-11T02:18:53Z,192028
2022-04-11T02:23:51Z,190958
2022-04-11T02:28:56Z,195426
2022-04-11T02:33:57Z,196802
2022-04-11T02:38:58Z,197690
2022-04-11T02:43:54Z,193432
2022-04-11T02:48:49Z,188225
2022-04-11T02:53:49Z,188655
2022-04-11T02:58:48Z,187926
2022-04-11T03:03:51Z,190717
2022-04-11T03:08:53Z,192004
2022-04-11T03:13:55Z,194417
2022-04-11T03:18:56Z,195098
2022-04-11T03:23:56Z,195520
2022-04-11T03:28:54Z,193303
2022-04-11T03:33:55Z,194369
2022-04-11T03:38:55Z,194890
2022-04-11T03:43:56Z,192362
2022-04-11T03:48:54Z,193877
2022-04-11T03:53:59Z,198607
2022-04-11T03:58:56Z,195116
2022-04-11T04:03:55Z,194154
2022-04-11T04:08:50Z,189846
2022-04-11T04:13:52Z,191563
2022-04-11T04:18:54Z,193509
2022-04-11T04:23:56Z,195725
2022-04-11T04:28:59Z,198647
2022-04-11T04:33:57Z,196238
2022-04-11T04:39:02Z,201648
2022-04-11T04:44:03Z,198418
2022-04-11T04:48:50Z,189253
2022-04-11T04:54:03Z,201330
2022-04-11T04:59:00Z,193545
2022-04-11T05:03:59Z,198672
2022-04-11T05:09:35Z,234787
2022-04-11T05:14:00Z,199260
2022-04-11T05:18:53Z,192344
2022-04-11T05:23:52Z,191080
2022-04-11T05:28:53Z,192049
2022-04-11T05:33:51Z,190622
2022-04-11T05:38:56Z,195143
2022-04-11T05:43:59Z,198205
2022-04-11T05:48:58Z,197970
2022-04-11T05:53:58Z,197794
2022-04-11T05:58:56Z,195975
2022-04-11T06:04:00Z,199296
2022-04-11T06:09:03Z,202025
2022-04-11T06:13:59Z,195200
2022-04-11T06:19:03Z,201996
2022-04-11T06:24:21Z,220514
2022-04-11T06:29:34Z,233176
2022-04-11T06:34:31Z,230247
2022-04-11T06:39:28Z,227687
2022-04-11T06:44:33Z,232177
2022-04-11T06:49:34Z,233824
2022-04-11T06:54:29Z,228404
2022-04-11T06:59:34Z,233763
2022-04-11T07:04:33Z,230281
2022-04-11T07:09:38Z,237499
2022-04-11T07:14:33Z,232086
2022-04-11T07:19:31Z,230641
2022-04-11T07:24:39Z,237090
2022-04-11T07:29:31Z,230703
2022-04-11T07:34:38Z,237694
2022-04-11T07:39:39Z,232736
2022-04-11T07:44:39Z,238357
2022-04-11T07:49:38Z,237343
2022-04-11T07:54:37Z,236822
2022-04-11T07:59:45Z,244545
2022-04-11T08:04:38Z,237579
2022-04-11T08:09:34Z,233424
2022-04-11T08:16:06Z,325279
2022-04-11T08:24:33Z,232939
2022-04-11T08:29:41Z,240512
2022-04-11T08:34:37Z,236205
2022-04-11T08:39:25Z,222114
2022-04-11T08:44:07Z,206397
2022-04-11T08:49:08Z,207186
2022-04-11T08:54:11Z,204147
2022-04-11T08:59:10Z,209626
2022-04-11T09:04:11Z,210003
2022-04-11T09:09:08Z,207957
2022-04-11T09:14:02Z,201723
2022-04-11T09:19:03Z,202527
2022-04-11T09:24:02Z,201778
2022-04-11T09:29:04Z,203214
2022-04-11T09:34:05Z,204488
2022-04-11T09:39:08Z,207909
2022-04-11T09:44:08Z,207263
2022-04-11T09:49:03Z,202208
2022-04-11T09:54:06Z,203279
2022-04-11T09:59:17Z,211833
2022-04-11T10:04:08Z,204685
2022-04-11T10:09:13Z,212021
2022-04-11T10:14:08Z,207252
2022-04-11T10:19:08Z,207240
2022-04-11T10:24:11Z,210498
2022-04-11T10:29:10Z,209769
2022-04-11T10:34:02Z,201245
2022-04-11T10:39:06Z,205450
2022-04-11T10:44:03Z,202311
2022-04-11T10:49:02Z,201625
2022-04-11T10:54:02Z,201062
2022-04-11T10:59:07Z,206150
2022-04-11T11:04:11Z,210203
2022-04-11T11:09:10Z,209698
2022-04-11T11:14:08Z,207295
2022-04-11T11:19:13Z,212202
2022-04-11T11:24:19Z,213004
2022-04-11T11:29:14Z,213429
2022-04-11T11:34:14Z,213609
2022-04-11T11:39:14Z,213988
2022-04-11T11:44:17Z,216284
2022-04-11T11:49:16Z,215575
2022-04-11T11:54:14Z,213795
2022-04-11T11:59:14Z,213574
2022-04-11T12:04:12Z,211641
2022-04-11T12:09:13Z,212024
2022-04-11T12:14:22Z,221351
2022-04-11T12:19:11Z,210216
2022-04-11T12:24:13Z,212859
2022-04-11T12:29:14Z,213922
2022-04-11T12:34:16Z,215042
2022-04-11T12:39:15Z,214753
2022-04-11T12:44:20Z,216183
2022-04-11T12:49:36Z,235582
2022-04-11T12:54:25Z,218822
2022-04-11T12:59:23Z,222089
2022-04-11T13:04:18Z,217705
2022-04-11T13:09:24Z,223076
2022-04-11T13:14:21Z,220014
2022-04-11T13:19:15Z,214239
2022-04-11T13:24:32Z,230989
2022-04-11T13:29:12Z,211399
2022-04-11T13:34:16Z,215130
2022-04-11T13:39:18Z,217706
2022-04-11T13:44:29Z,228458
2022-04-11T13:49:17Z,216845
2022-04-11T13:54:15Z,214979
2022-04-11T13:59:16Z,215489
2022-04-11T14:04:20Z,219336
2022-04-11T14:09:17Z,216865
2022-04-11T14:14:20Z,219824
2022-04-11T14:19:26Z,221253
2022-04-11T14:24:17Z,212763
2022-04-11T14:29:27Z,226661
2022-04-11T14:34:26Z,225746
2022-04-11T14:39:28Z,227097
2022-04-11T14:44:18Z,217493
2022-04-11T14:49:21Z,220035
2022-04-11T14:54:15Z,214698
2022-04-11T14:59:20Z,219385
2022-04-11T15:04:22Z,221071
2022-04-11T15:09:20Z,219529
2022-04-11T15:14:16Z,215946
2022-04-11T15:19:20Z,219211
2022-04-11T15:24:18Z,217812
2022-04-11T15:29:25Z,222739
2022-04-11T15:34:24Z,223358
2022-04-11T15:39:26Z,225523
2022-04-11T15:44:23Z,222591
2022-04-11T15:49:25Z,224697
2022-04-11T15:54:20Z,219627
2022-04-11T15:59:19Z,218143
2022-04-11T16:04:20Z,219242
2022-04-11T16:09:17Z,216716
2022-04-11T16:14:19Z,218059
2022-04-11T16:19:34Z,233876
2022-04-11T16:24:18Z,217898
2022-04-11T16:29:21Z,220796
2022-04-11T16:34:49Z,248497
2022-04-11T16:39:22Z,221224
2022-04-11T16:44:25Z,221456
2022-04-11T16:49:31Z,226553
2022-04-11T16:54:22Z,221584
2022-04-11T16:59:24Z,223337
2022-04-11T17:04:25Z,224658
2022-04-11T17:09:25Z,224166
2022-04-11T17:14:26Z,225897
2022-04-11T17:19:22Z,221828
2022-04-11T17:24:19Z,218585
2022-04-11T17:29:21Z,220974
2022-04-11T17:34:18Z,217636
2022-04-11T17:39:21Z,220431
2022-04-11T17:44:22Z,221342
2022-04-11T17:49:22Z,221651
2022-04-11T17:54:24Z,223362
2022-04-11T17:59:24Z,223582
2022-04-11T18:04:25Z,224078
2022-04-11T18:09:26Z,225222
2022-04-11T18:14:29Z,225382
2022-04-11T18:19:52Z,251792
2022-04-11T18:24:30Z,229682
2022-04-11T18:29:39Z,238814
2022-04-11T18:34:28Z,227246
2022-04-11T18:39:30Z,229909
2022-04-11T18:44:24Z,223125
2022-04-11T18:49:22Z,221734
2022-04-11T18:54:22Z,221505
2022-04-11T18:59:23Z,222123
2022-04-11T19:04:25Z,224621
2022-04-11T19:09:23Z,222904
2022-04-11T19:14:23Z,222670
2022-04-11T19:19:25Z,224602
2022-04-11T19:24:34Z,228189
2022-04-11T19:29:29Z,228517
2022-04-11T19:34:32Z,227788
2022-04-11T19:39:34Z,229904
2022-04-11T19:44:34Z,233552
2022-04-11T19:49:31Z,230893
2022-04-11T19:55:40Z,299931
2022-04-11T19:59:31Z,230374
2022-04-11T20:04:27Z,226282
2022-04-11T20:09:28Z,227240
2022-04-11T20:14:22Z,221692
2022-04-11T20:19:25Z,223980
2022-04-11T20:24:26Z,225024
2022-04-11T20:29:24Z,223765
2022-04-11T20:34:31Z,230401
2022-04-11T20:39:26Z,225842
2022-04-11T20:44:29Z,228734
2022-04-11T20:49:26Z,225141
2022-04-11T20:54:29Z,228860
2022-04-11T20:59:26Z,225747
2022-04-11T21:04:36Z,235740
2022-04-11T21:09:36Z,235288
2022-04-11T21:14:40Z,239596
2022-04-11T21:19:34Z,233628
2022-04-11T21:24:34Z,233569
2022-04-11T21:29:32Z,231214
2022-04-11T21:34:26Z,225714
2022-04-11T21:39:28Z,227134
2022-04-11T21:44:31Z,230027
2022-04-11T21:49:29Z,228164
2022-04-11T21:54:30Z,229282
2022-04-11T21:59:26Z,225614
2022-04-11T22:04:29Z,228396
2022-04-11T22:09:35Z,234030
2022-04-11T22:14:29Z,228273
2022-04-11T22:19:31Z,228672
2022-04-11T22:24:32Z,231077
2022-04-11T22:29:34Z,233079
2022-04-11T22:34:32Z,231806
2022-04-11T22:39:36Z,235944
2022-04-11T22:44:33Z,232302
2022-04-11T22:49:38Z,237938
2022-04-11T22:54:37Z,236055
2022-04-11T22:59:34Z,233451
2022-04-11T23:04:39Z,238554
2022-04-11T23:09:32Z,231036
2022-04-11T23:14:31Z,230889
2022-04-11T23:19:32Z,231151
2022-04-11T23:24:35Z,234504
2022-04-11T23:29:30Z,229697
2022-04-11T23:34:31Z,230219
2022-04-11T23:39:35Z,234447
2022-04-11T23:44:35Z,234423
2022-04-11T23:49:32Z,231201
2022-04-11T23:54:39Z,232755
2022-04-12T00:00:32Z,291407
2022-04-12T00:04:33Z,232433
2022-04-12T00:09:41Z,240495
2022-04-12T00:14:36Z,235345
2022-04-12T00:19:33Z,232265
2022-04-12T00:24:36Z,235022
2022-04-12T00:29:33Z,232814
2022-04-12T00:34:33Z,232468
2022-04-12T00:39:33Z,232035
2022-04-12T00:44:35Z,234869
2022-04-12T00:49:36Z,235089
2022-04-12T00:54:42Z,239119
2022-04-12T00:59:40Z,236347
2022-04-12T01:04:41Z,237212
2022-04-12T01:11:01Z,242289
2022-04-12T01:19:43Z,242689
2022-04-12T01:24:44Z,243650
2022-04-12T01:29:41Z,240423
2022-04-12T01:34:39Z,238665
2022-04-12T01:39:40Z,239283
2022-04-12T01:44:46Z,245497
2022-04-12T01:49:35Z,234237
2022-04-12T01:54:37Z,236525
2022-04-12T01:59:59Z,258955
2022-04-12T02:04:31Z,230135
2022-04-12T02:09:40Z,239068
2022-04-12T02:14:35Z,231175
2022-04-12T02:19:41Z,240604
2022-04-12T02:24:41Z,240304
2022-04-12T02:30:31Z,290513
2022-04-12T02:34:39Z,238698
2022-04-12T02:39:42Z,241082
2022-04-12T02:44:42Z,241315
2022-04-12T02:49:38Z,237655
2022-04-12T02:54:39Z,238717
2022-04-12T02:59:40Z,239092
2022-04-12T03:04:43Z,242733
2022-04-12T03:09:40Z,239120
2022-04-12T03:14:35Z,234467
2022-04-12T03:19:36Z,235390
2022-04-12T03:24:33Z,232389
2022-04-12T03:29:36Z,235676
2022-04-12T03:34:35Z,234333
2022-04-12T03:39:38Z,235690
2022-04-12T03:44:39Z,236458
2022-04-12T03:49:38Z,237545
2022-04-12T03:54:39Z,238284
2022-04-12T03:59:40Z,239560
2022-04-12T04:04:47Z,246830
2022-04-12T04:09:49Z,248258
2022-04-12T04:14:41Z,240869
2022-04-12T04:19:37Z,236533
2022-04-12T04:24:38Z,237912
2022-04-12T04:29:42Z,241642
2022-04-12T04:34:39Z,238541
2022-04-12T04:39:41Z,240010
2022-04-12T04:44:37Z,236781
2022-04-12T04:49:43Z,242148
2022-04-12T04:54:40Z,239842
2022-04-12T04:59:40Z,239008
2022-04-12T05:04:39Z,238093
2022-04-12T05:09:40Z,239699
2022-04-12T05:14:44Z,243114
2022-04-12T05:19:42Z,241314
2022-04-12T05:24:42Z,241512
2022-04-12T05:29:41Z,240491
2022-04-12T05:34:38Z,237848
2022-04-12T05:39:43Z,242303
2022-04-12T05:44:39Z,238949
2022-04-12T05:49:39Z,238724
2022-04-12T05:54:37Z,236980
2022-04-12T05:59:36Z,235775
2022-04-12T06:04:45Z,244691
2022-04-12T06:09:44Z,243438
2022-04-12T06:14:42Z,241919
2022-04-12T06:19:43Z,242079
2022-04-12T06:24:45Z,240670
2022-04-12T06:30:27Z,285275
2022-04-12T06:35:35Z,294230
2022-04-12T06:40:34Z,293724
2022-04-12T06:45:32Z,291556
2022-04-12T06:50:31Z,290963
2022-04-12T06:55:28Z,287213
2022-04-12T07:00:40Z,299455
2022-04-12T07:05:28Z,287084
2022-04-12T07:10:30Z,289109
2022-04-12T07:15:24Z,283699
2022-04-12T07:20:22Z,281672
2022-04-12T07:25:27Z,286030
2022-04-12T07:30:19Z,278301
2022-04-12T07:35:20Z,279029
2022-04-12T07:40:23Z,282148
2022-04-12T07:45:29Z,288768
2022-04-12T07:50:25Z,284929
2022-04-12T07:55:28Z,284658
2022-04-12T08:00:31Z,290423
2022-04-12T08:05:35Z,294282
2022-04-12T08:10:29Z,288646
2022-04-12T08:15:32Z,291527
2022-04-12T08:20:33Z,292821
2022-04-12T08:25:29Z,288801
2022-04-12T08:30:46Z,305815
2022-04-12T08:40:02Z,261619
2022-04-12T08:44:53Z,252224
2022-04-12T08:49:53Z,252453
2022-04-12T08:54:55Z,254611
2022-04-12T08:59:57Z,250904
2022-04-12T09:04:59Z,258587
2022-04-12T09:09:58Z,252631
2022-04-12T09:14:59Z,252306
2022-04-12T09:21:34Z,353955
2022-04-12T09:30:00Z,259840
2022-04-12T09:34:51Z,250055
2022-04-12T09:39:49Z,248909
2022-04-12T09:44:51Z,250821
2022-04-12T09:49:49Z,248837
2022-04-12T09:54:47Z,246660
2022-04-12T09:59:51Z,250101
2022-04-12T10:04:53Z,252223
2022-04-12T10:09:52Z,251751
2022-04-12T10:14:48Z,247971
2022-04-12T10:19:52Z,247054
2022-04-12T10:24:53Z,252569
2022-04-12T10:29:52Z,251706
2022-04-12T10:34:57Z,256078
2022-04-12T10:39:55Z,254020
2022-04-12T10:44:55Z,254097
2022-04-12T10:49:58Z,257979
2022-04-12T10:54:51Z,250068
2022-04-12T10:59:53Z,252006
2022-04-12T11:04:50Z,249959
2022-04-12T11:09:51Z,250843
2022-04-12T11:14:51Z,250796
2022-04-12T11:19:51Z,250713
2022-04-12T11:24:56Z,255443
2022-04-12T11:29:56Z,255253
2022-04-12T11:34:59Z,255918
2022-04-12T11:40:08Z,261268
2022-04-12T11:46:52Z,371174
2022-04-12T11:54:59Z,251842
2022-04-12T11:59:52Z,251201
2022-04-12T12:04:58Z,257045
2022-04-12T12:09:55Z,254786
2022-04-12T12:15:02Z,261161
2022-04-12T12:20:00Z,259472
2022-04-12T12:24:51Z,250919
2022-04-12T12:29:59Z,258237
2022-04-12T12:34:56Z,255009
2022-04-12T12:39:55Z,254419
2022-04-12T12:44:55Z,254254
2022-04-12T12:49:59Z,258434
2022-04-12T12:54:57Z,256975
2022-04-12T13:00:01Z,260357
2022-04-12T13:05:07Z,266131
2022-04-12T13:10:01Z,260691
2022-04-12T13:15:03Z,262721
2022-04-12T13:19:59Z,258888
2022-04-12T13:25:02Z,261910
2022-04-12T13:30:09Z,268536
2022-04-12T13:35:04Z,263832
2022-04-12T13:40:00Z,258999
2022-04-12T13:45:03Z,262711
2022-04-12T13:49:57Z,256610
2022-04-12T13:55:15Z,274010
2022-04-12T14:00:05Z,264199
2022-04-12T14:05:01Z,260205
2022-04-12T14:10:00Z,255062
2022-04-12T14:15:08Z,267303
2022-04-12T14:20:11Z,266508
2022-04-12T14:25:06Z,263780
2022-04-12T14:30:02Z,261133
2022-04-12T14:35:03Z,262935
2022-04-12T14:40:04Z,263765
2022-04-12T14:45:07Z,266105
2022-04-12T14:50:05Z,264047
2022-04-12T14:55:02Z,261454
2022-04-12T15:00:07Z,266248
2022-04-12T15:04:59Z,258047
2022-04-12T15:10:00Z,259771
2022-04-12T15:15:06Z,265663
2022-04-12T15:20:01Z,260779
2022-04-12T15:25:04Z,263163
2022-04-12T15:30:13Z,267889
2022-04-12T15:35:09Z,268415
2022-04-12T15:40:13Z,272086
2022-04-12T15:45:15Z,274405
2022-04-12T15:50:10Z,269318
2022-04-12T15:55:07Z,266048
2022-04-12T16:00:11Z,270127
2022-04-12T16:05:08Z,267720
2022-04-12T16:10:13Z,272076
2022-04-12T16:15:03Z,262026
2022-04-12T16:20:04Z,263560
2022-04-12T16:24:59Z,258648
2022-04-12T16:30:07Z,266024
2022-04-12T16:35:03Z,262398
2022-04-12T16:40:04Z,263499
2022-04-12T16:45:06Z,265934
2022-04-12T16:50:13Z,269588
2022-04-12T16:55:10Z,269798
2022-04-12T17:00:15Z,274108
2022-04-12T17:05:09Z,268447
2022-04-12T17:10:33Z,292603
2022-04-12T17:15:11Z,270136
2022-04-12T17:20:12Z,271862
2022-04-12T17:25:11Z,270064
2022-04-12T17:30:10Z,269109
2022-04-12T17:35:11Z,270040
2022-04-12T17:40:06Z,265412
2022-04-12T17:45:07Z,266651
2022-04-12T17:50:03Z,262546
